file,error
10498.json,'Toolbar'
11148.json,'Drawer'
13721.json,'Drawer'
14310.json,division by zero
18262.json,'Drawer'
1996.json,'Drawer'
20891.json,division by zero
21186.json,'Toolbar'
21545.json,division by zero
23689.json,division by zero
24673.json,division by zero
24701.json,'Drawer'
26150.json,division by zero
26442.json,'Toolbar'
27046.json,'Drawer'
29058.json,division by zero
30348.json,'Drawer'
3140.json,'Drawer'
33395.json,division by zero
34595.json,'Drawer'
35472.json,division by zero
35597.json,math domain error
36100.json,division by zero
36918.json,division by zero
36999.json,'Toolbar'
37376.json,division by zero
39015.json,'Toolbar'
39118.json,division by zero
39334.json,division by zero
3993.json,'Drawer'
41458.json,division by zero
41679.json,'Toolbar'
43387.json,division by zero
44706.json,'Toolbar'
44718.json,'Toolbar'
44719.json,'Toolbar'
46019.json,division by zero
46146.json,division by zero
46528.json,division by zero
46609.json,division by zero
47883.json,division by zero
49228.json,'Drawer'
50078.json,division by zero
50105.json,'bounds'
50109.json,'bounds'
50400.json,'Drawer'
52304.json,'Drawer'
53596.json,'Drawer'
54046.json,math domain error
54392.json,'Toolbar'
54399.json,division by zero
54536.json,division by zero
57819.json,'Drawer'
5782.json,division by zero
5942.json,division by zero
59577.json,division by zero
62012.json,'Drawer'
64454.json,division by zero
6469.json,'Toolbar'
65183.json,division by zero
68041.json,division by zero
68580.json,division by zero
68871.json,'Toolbar'
7000.json,division by zero
7013.json,'Drawer'
70943.json,math domain error
72071.json,division by zero
7953.json,division by zero
8150.json,division by zero
8522.json,'Toolbar'
